{"_type":"export","__export_format":4,"__export_date":"2020-10-23T19:28:15.502Z","__export_source":"insomnia.desktop.app:v2020.4.1","resources":[{"_id":"req_5dd799cbbf0648a5bd1ef1218356ff5c","parentId":"fld_490ad0758fe144678b22a580510988f9","modified":1603462978748,"created":1602547632738,"url":"{{ base_url }}/user/code","name":"Create a Code","description":"https://wkande.github.io/notes/#/APIs/users?id=create-a-code","method":"POST","body":{"mimeType":"application/x-www-form-urlencoded","params":[{"id":"pair_c0d94510f1fc489ab9aaccb14c457916","name":"email","value":"{% prompt 'Create a Code', 'Please enter your email address. We will send you a code.', '', '', false, true %}"}]},"parameters":[],"headers":[{"id":"pair_87c73731a7b6410c95fd2a37086a44e7","name":"Content-Type","value":"application/x-www-form-urlencoded"},{"description":"","id":"pair_993479b574344d0daa6ac78a2b628d15","name":"Accept","value":"{{ Accept }}"}],"authentication":{},"metaSortKey":-1602547632738,"isPrivate":false,"settingStoreCookies":true,"settingSendCookies":true,"settingDisableRenderRequestBody":false,"settingEncodeUrl":true,"settingRebuildPath":true,"settingFollowRedirects":"global","_type":"request"},{"_id":"fld_490ad0758fe144678b22a580510988f9","parentId":"wrk_0be400f580d649d5a197e38957107d26","modified":1602590781912,"created":1602543082821,"name":"Users","description":"","environment":{},"environmentPropertyOrder":null,"metaSortKey":-1602539449242,"_type":"request_group"},{"_id":"wrk_0be400f580d649d5a197e38957107d26","parentId":null,"modified":1602969781254,"created":1581520222867,"name":"Notes","description":"# Notes\n\nNotes is a demonstration Node.js backend to illustrate the use of [Docsify](docsifyjs.org) to write an API Reference Guide and other Documentation.","scope":null,"_type":"workspace"},{"_id":"req_ed6305310f4743b8bb4c7d8aa01bc04f","parentId":"fld_490ad0758fe144678b22a580510988f9","modified":1603462956846,"created":1602550241714,"url":"{{ base_url }}/user/token","name":"Get a Token","description":"https://wkande.github.io/notes/#/APIs/users?id=get-a-token","method":"GET","body":{},"parameters":[{"description":"","disabled":false,"id":"pair_4603c9086f494368910b8de866b305e0","multiline":false,"name":"email","type":"text","value":"{% response 'body', 'req_5dd799cbbf0648a5bd1ef1218356ff5c', 'b64::JC51c2VyLmVtYWls::46b', 'never', 60 %}"},{"description":"","id":"pair_ebe9197b8cb64d2baae6bb718800c441","name":"code","value":"{% prompt 'Get a Token', 'Enter the code sent to your email address.', '', '', false, false %}"}],"headers":[{"description":"","id":"pair_b1a63371fffa46cd9915f83ebc6234c9","name":"Accept","value":"{{ Accept }}"}],"authentication":{},"metaSortKey":-1602541274208,"isPrivate":false,"settingStoreCookies":true,"settingSendCookies":true,"settingDisableRenderRequestBody":false,"settingEncodeUrl":true,"settingRebuildPath":true,"settingFollowRedirects":"global","_type":"request"},{"_id":"req_bb0d8f45a70a4028a3e2d908fd4df198","parentId":"fld_490ad0758fe144678b22a580510988f9","modified":1603406315589,"created":1602539465695,"url":"{{ base_url }}/user","name":"Get current User","description":"https://wkande.github.io/notes/#/APIs/users?id=get-current-user","method":"GET","body":{},"parameters":[],"headers":[{"description":"","id":"pair_6a7f329c69714aacaf4f72dfe8cc4e9a","name":"Accept","value":"{{ Accept }}"}],"authentication":{"disabled":false,"token":"{{ token }}","type":"bearer","prefix":"Bearer"},"metaSortKey":-1602541274158,"isPrivate":false,"settingStoreCookies":true,"settingSendCookies":true,"settingDisableRenderRequestBody":false,"settingEncodeUrl":true,"settingRebuildPath":true,"settingFollowRedirects":"global","_type":"request"},{"_id":"req_ec57274c94564d89b9acf7ec79a25b79","parentId":"fld_6f3f9d0273b04600abe3f0497b0939b4","modified":1603406300361,"created":1602592441887,"url":"{{ base_url }}/notes","name":"Get user's Notes","description":"https://wkande.github.io/notes/#/APIs/notes?id=get-user39s-notes","method":"GET","body":{"mimeType":"application/x-www-form-urlencoded","params":[]},"parameters":[],"headers":[{"description":"","id":"pair_7179350485c0414fb215e7b56998fb7d","name":"Accept","value":"{{ Accept }}"},{"name":"Content-Type","value":"application/x-www-form-urlencoded","id":"pair_35d3e9e8556b4c1badc526ecfca5694b"}],"authentication":{"token":"{{ token }}","type":"bearer"},"metaSortKey":-1602592441887,"isPrivate":false,"settingStoreCookies":true,"settingSendCookies":true,"settingDisableRenderRequestBody":false,"settingEncodeUrl":true,"settingRebuildPath":true,"settingFollowRedirects":"global","_type":"request"},{"_id":"fld_6f3f9d0273b04600abe3f0497b0939b4","parentId":"wrk_0be400f580d649d5a197e38957107d26","modified":1602590786478,"created":1602543099350,"name":"Notes","description":"","environment":{},"environmentPropertyOrder":null,"metaSortKey":-1602539449217,"_type":"request_group"},{"_id":"req_640ff7d04c7b4e02a12f307f67939409","parentId":"fld_6f3f9d0273b04600abe3f0497b0939b4","modified":1603406288174,"created":1602969445346,"url":"{{ base_url }}/note/{% prompt 'Get a Note', 'Enter the note ID', '', '', false, false %}","name":"Get a Note","description":"https://wkande.github.io/notes/#/APIs/notes?id=get-a-note","method":"GET","body":{},"parameters":[],"headers":[{"name":"Accept","value":"{{ Accept }}","description":"","id":"pair_172669b60ebc4ac5bc4a8ba00594fdbe"}],"authentication":{"type":"bearer","token":"{{ token }}"},"metaSortKey":-1602592441862,"isPrivate":false,"settingStoreCookies":true,"settingSendCookies":true,"settingDisableRenderRequestBody":false,"settingEncodeUrl":true,"settingRebuildPath":true,"settingFollowRedirects":"global","_type":"request"},{"_id":"req_51701a5458f44b31bc7f3e99565b03fe","parentId":"fld_6f3f9d0273b04600abe3f0497b0939b4","modified":1603406272125,"created":1602886373552,"url":"{{ base_url }}/note","name":"Create a Note","description":"https://wkande.github.io/notes/#/APIs/notes?id=create-a-note","method":"POST","body":{"mimeType":"application/x-www-form-urlencoded","params":[{"name":"content","value":"{% prompt 'Create a Note', 'Please enter your note content here.', '', '', false, false %}","description":"","id":"pair_cd4d7b83736a402bbc6fb4ff16fa97ba"},{"name":"tags","value":"{% prompt 'Create a Note', 'Please enter tags for your Note.', '', '', false, false %}","description":"","id":"pair_39d36133cc5d4bcaa96f9e9ba9eaa1b4"}]},"parameters":[],"headers":[{"name":"Content-Type","value":"application/x-www-form-urlencoded","id":"pair_903cc9fd06c54e82b39fd2e17484f9ac"},{"name":"Accept","value":"{{ Accept }}","description":"","id":"pair_e87337be13374431af256926de722e72"}],"authentication":{"type":"bearer","token":"{{ token }}"},"metaSortKey":-1602592441837,"isPrivate":false,"settingStoreCookies":true,"settingSendCookies":true,"settingDisableRenderRequestBody":false,"settingEncodeUrl":true,"settingRebuildPath":true,"settingFollowRedirects":"global","_type":"request"},{"_id":"req_314e5614f1d542bc93df9823ecb08390","parentId":"fld_6f3f9d0273b04600abe3f0497b0939b4","modified":1603406254693,"created":1602969252474,"url":"{{ base_url }}/note/{% prompt 'Update a Note', 'Enter the note\\'s ID', '', '', false, false %}","name":"Update a Note","description":"https://wkande.github.io/notes/#/APIs/notes?id=update-a-note","method":"PUT","body":{"mimeType":"application/x-www-form-urlencoded","params":[{"name":"content","value":"{% prompt 'Update a Note', 'Update note content here.', '', '', false, false %}","description":"","id":"pair_524e568d3e28466ba295f0b451f6ffd4"},{"name":"tags","value":"{% prompt 'Update a Note', 'Update tags here.', '', '', false, false %}","description":"","id":"pair_9db2fc79504a48178b19ea59a1a92755"}]},"parameters":[],"headers":[{"name":"Content-Type","value":"application/x-www-form-urlencoded","id":"pair_497ed913bfcc45c98d59d243a2cdd2cf"},{"name":"Accept","value":"{{ Accept }}","description":"","id":"pair_e89a20cef6344e26931eef623ddf01a3"}],"authentication":{"type":"bearer","token":"{{ token }}"},"metaSortKey":-1602592441787,"isPrivate":false,"settingStoreCookies":true,"settingSendCookies":true,"settingDisableRenderRequestBody":false,"settingEncodeUrl":true,"settingRebuildPath":true,"settingFollowRedirects":"global","_type":"request"},{"_id":"req_1f3fff4b97ce4be68569b7d4b3265022","parentId":"fld_6f3f9d0273b04600abe3f0497b0939b4","modified":1603406234293,"created":1602969588263,"url":"{{ base_url }}/note/{% prompt 'Delete a Note', 'Enter the note ID to delete', '', '', false, false %}","name":"Delete a Note","description":"https://wkande.github.io/notes/#/APIs/notes?id=delete-a-note","method":"DELETE","body":{},"parameters":[],"headers":[{"name":"Accept","value":"{{ Accept }}","description":"","id":"pair_52e974aefd3f413184a376707cdfd3cc"}],"authentication":{"type":"bearer","token":"{{ token }}"},"metaSortKey":-1602592441737,"isPrivate":false,"settingStoreCookies":true,"settingSendCookies":true,"settingDisableRenderRequestBody":false,"settingEncodeUrl":true,"settingRebuildPath":true,"settingFollowRedirects":"global","_type":"request"},{"_id":"req_22b6e1f4d0114ae985818fc78aea02a8","parentId":"fld_6f3f9d0273b04600abe3f0497b0939b4","modified":1603463323557,"created":1603371057092,"url":"{{ base_url }}/notes","name":"Delete user's Notes","description":"https://wkande.github.io/notes/#/APIs/notes?id=delete-user39s-notes","method":"DELETE","body":{},"parameters":[],"headers":[{"name":"Confirm","value":"{% prompt 'Delete user\\'s Notes', 'Please select submit to continue to delete all notes for the current user. Otherwise close this alert.', '', '', false, false %}","description":"","id":"pair_806f2b6acffb44b9a96180bde06447a3"}],"authentication":{"type":"bearer","token":"{{ token }}"},"metaSortKey":-1602592441687,"isPrivate":false,"settingStoreCookies":true,"settingSendCookies":true,"settingDisableRenderRequestBody":false,"settingEncodeUrl":true,"settingRebuildPath":true,"settingFollowRedirects":"global","_type":"request"},{"_id":"req_0e2739fbd4e44485a2cf376d42593197","parentId":"fld_da8086cb103e421d87891a281915c195","modified":1603406200450,"created":1602969895949,"url":"{{ base_url }}/tags","name":"Get user's Tags","description":"https://wkande.github.io/notes/#/APIs/tags?id=get-user39s-tags","method":"GET","body":{},"parameters":[],"headers":[{"name":"Accept","value":"{{ Accept }}","description":"","id":"pair_4e5338771e234130ba8de226ed678561"}],"authentication":{"type":"bearer","token":"{{ token }}"},"metaSortKey":-1602969896011,"isPrivate":false,"settingStoreCookies":true,"settingSendCookies":true,"settingDisableRenderRequestBody":false,"settingEncodeUrl":true,"settingRebuildPath":true,"settingFollowRedirects":"global","_type":"request"},{"_id":"fld_da8086cb103e421d87891a281915c195","parentId":"wrk_0be400f580d649d5a197e38957107d26","modified":1602969881292,"created":1602969881279,"name":"Tags","description":"","environment":{},"environmentPropertyOrder":null,"metaSortKey":-1000000000,"_type":"request_group"},{"_id":"req_184b0dd5b037492eba704949b299a982","parentId":"fld_da8086cb103e421d87891a281915c195","modified":1603406177480,"created":1603369813853,"url":"{{ base_url }}/tag/{% prompt 'Update a Tag', 'Enter the tag to change. All Instance of the tag will be updated.', '', '', false, false %}","name":"Update a Tag","description":"https://wkande.github.io/notes/#/APIs/tags?id=update-a-tag","method":"PUT","body":{"mimeType":"application/x-www-form-urlencoded","params":[{"name":"tag","value":"{% prompt 'Update a Tag', 'Enter the new value for the tag.', '', '', false, false %}","description":"","id":"pair_6709ea0bf3054f698a1472bfc6c44547"}]},"parameters":[],"headers":[{"name":"Content-Type","value":"application/x-www-form-urlencoded","id":"pair_192d22f4f4ef460499dd88986f001da3"},{"name":"Accept","value":"{{ Accept }}","description":"","id":"pair_65fbb80682d940c1b1397403e2f2553b"}],"authentication":{"type":"bearer","token":"{{ token }}"},"metaSortKey":-1602969895961,"isPrivate":false,"settingStoreCookies":true,"settingSendCookies":true,"settingDisableRenderRequestBody":false,"settingEncodeUrl":true,"settingRebuildPath":true,"settingFollowRedirects":"global","_type":"request"},{"_id":"req_9c7f8373ee5b4fa284e10965f6cc3256","parentId":"fld_da8086cb103e421d87891a281915c195","modified":1603406186857,"created":1603403832024,"url":"{{ base_url }}/tag/{% prompt 'Delete user\\'s Tag', 'Enter tag to remove from all notes', '', '', false, false %}","name":"Delete a Tag","description":"https://wkande.github.io/notes/#/APIs/tags?id=delete-a-tag","method":"DELETE","body":{},"parameters":[],"headers":[{"name":"","value":"","description":"","id":"pair_d9ace8c5649f48338e5429bdc6176570"}],"authentication":{"type":"bearer","token":"{{ token }}"},"metaSortKey":-1602969895911,"isPrivate":false,"settingStoreCookies":true,"settingSendCookies":true,"settingDisableRenderRequestBody":false,"settingEncodeUrl":true,"settingRebuildPath":true,"settingFollowRedirects":"global","_type":"request"},{"_id":"env_2b3c0b6cd3e1bb2ee00427bbdf6d216a6dc0f9f2","parentId":"wrk_0be400f580d649d5a197e38957107d26","modified":1581520222929,"created":1581520222929,"name":"Base Environment","data":{},"dataPropertyOrder":null,"color":null,"isPrivate":false,"metaSortKey":1581520222929,"_type":"environment"},{"_id":"jar_2b3c0b6cd3e1bb2ee00427bbdf6d216a6dc0f9f2","parentId":"wrk_0be400f580d649d5a197e38957107d26","modified":1599687160704,"created":1581520222932,"name":"Default Jar","cookies":[{"creation":"2020-08-21T14:20:11.548Z","domain":"sandbox.bluebutton.cms.gov","extensions":["SameSite=Lax"],"hostOnly":true,"httpOnly":true,"id":"41212637381284734","key":"sessionid","lastAccessed":"2020-09-09T21:32:40.704Z","path":"/","secure":true,"value":"to4689d33tg9yxu77bp8mkls0qet6fu3"}],"_type":"cookie_jar"},{"_id":"spc_58ceb8e84da0450faef5484ff41a8267","parentId":"wrk_0be400f580d649d5a197e38957107d26","modified":1596736567491,"created":1596736567491,"fileName":"xakiti","contents":"","contentType":"yaml","_type":"api_spec"},{"_id":"env_49fcde40f22b4a92b5ab1f3877cd4c8b","parentId":"env_2b3c0b6cd3e1bb2ee00427bbdf6d216a6dc0f9f2","modified":1603373104496,"created":1581544910860,"name":"dev","data":{"base_url":"http://localhost:3001","Accept":"application/json","token":"{% response 'body', 'req_ed6305310f4743b8bb4c7d8aa01bc04f', 'b64::JC50b2tlbg==::46b', 'never', 60 %}"},"dataPropertyOrder":{"&":["base_url","Accept","token"]},"color":null,"isPrivate":false,"metaSortKey":1581544910860,"_type":"environment"},{"_id":"env_7a67c22566f84a0eb4a6ced5072ecad1","parentId":"env_2b3c0b6cd3e1bb2ee00427bbdf6d216a6dc0f9f2","modified":1603462859190,"created":1581545010882,"name":"prod","data":{"base_url":"https://docs-as-code.herokuapp.com","Accept":"application/json","token":"{% response 'body', 'req_ed6305310f4743b8bb4c7d8aa01bc04f', 'b64::JC50b2tlbg==::46b', 'never', 60 %}"},"dataPropertyOrder":{"&":["base_url","Accept","token"]},"color":null,"isPrivate":false,"metaSortKey":1581545010882,"_type":"environment"}]}